image_id,parse_status,schema_valid,n_objects_matches_computed,llm_n_objects,computed_n_objects,density_class,shape_regularity,quality_flag,description,raw_response,elapsed_s,density,density_correct
val_000,clean,True,True,5,5,sparse,regular,ok,"The image contains 5 distinct objects with a mean area of 130.8 px, a median area of 137.0 px, and a standard deviation of 56.82 px. The combined object area covers 1.0 percent of the 256 by 256 pixel field. The objects have a mean eccentricity of 0.51 and a mean solidity of 0.963. The mean object intensity is 161.25.","{""description"": ""The image contains 5 distinct objects with a mean area of 130.8 px, a median area of 137.0 px, and a standard deviation of 56.82 px. The combined object area covers 1.0 percent of the 256 by 256 pixel field. The objects have a mean eccentricity of 0.51 and a mean solidity of 0.963. The mean object intensity is 161.25."", ""n_objects"": 5, ""density_class"": ""sparse"", ""shape_regularity"": ""regular"", ""quality_flag"": ""ok""}",21.33,sparse,True
val_001,clean,True,True,24,24,sparse,regular,ok,"The image contains 24 distinct objects with a mean area of 182.67 px, a median area of 142.5 px, and a standard deviation of 111.77 px. The combined object area covers 6.69 percent of the 256 by 256 pixel field. The objects have a mean eccentricity of 0.631 and a mean solidity of 0.952. The mean object intensity is 190.72 on a 0 to 255 scale.","{""description"": ""The image contains 24 distinct objects with a mean area of 182.67 px, a median area of 142.5 px, and a standard deviation of 111.77 px. The combined object area covers 6.69 percent of the 256 by 256 pixel field. The objects have a mean eccentricity of 0.631 and a mean solidity of 0.952. The mean object intensity is 190.72 on a 0 to 255 scale."", ""n_objects"": 24, ""density_class"": ""sparse"", ""shape_regularity"": ""regular"", ""quality_flag"": ""ok""}",18.21,normal,False
val_002,clean,True,True,16,16,sparse,regular,ok,"The image contains 16 distinct objects with a mean area of 174.06 px, a median area of 166.5 px, and a standard deviation of 89.66 px. The combined object area covers 4.25 percent of the 256x256 pixel field. The objects have a mean eccentricity of 0.611 and a mean solidity of 0.973. The mean object intensity is 185.38.","{""description"": ""The image contains 16 distinct objects with a mean area of 174.06 px, a median area of 166.5 px, and a standard deviation of 89.66 px. The combined object area covers 4.25 percent of the 256x256 pixel field. The objects have a mean eccentricity of 0.611 and a mean solidity of 0.973. The mean object intensity is 185.38."", ""n_objects"": 16, ""density_class"": ""sparse"", ""shape_regularity"": ""regular"", ""quality_flag"": ""ok""}",16.99,normal,False
val_003,clean,True,True,27,27,normal,regular,ok,"The image contains 27 distinct objects in a 256x256 field. The combined object area covers 10.25% of the field. The objects are generally regular in shape, with a mean eccentricity of 0.613 and a mean solidity of 0.952. The mean object intensity is 191.26.","{""description"": ""The image contains 27 distinct objects in a 256x256 field. The combined object area covers 10.25% of the field. The objects are generally regular in shape, with a mean eccentricity of 0.613 and a mean solidity of 0.952. The mean object intensity is 191.26."", ""n_objects"": 27, ""density_class"": ""normal"", ""shape_regularity"": ""regular"", ""quality_flag"": ""ok""}",15.01,normal,True
val_004,clean,True,True,39,39,dense,regular,ok,"The image contains 39 distinct objects with a mean area of 332.77 px, a median area of 256.0 px, and a standard deviation of 230.49 px. The combined object area covers 19.8 percent of the 256 by 256 pixel field. The objects have a mean eccentricity of 0.692 and a mean solidity of 0.914. The mean object intensity is 185.97 on a 0 to 255 scale.","{""description"": ""The image contains 39 distinct objects with a mean area of 332.77 px, a median area of 256.0 px, and a standard deviation of 230.49 px. The combined object area covers 19.8 percent of the 256 by 256 pixel field. The objects have a mean eccentricity of 0.692 and a mean solidity of 0.914. The mean object intensity is 185.97 on a 0 to 255 scale."", ""n_objects"": 39, ""density_class"": ""dense"", ""shape_regularity"": ""regular"", ""quality_flag"": ""ok""}",17.3,dense,True
val_005,clean,True,True,15,15,sparse,regular,ok,"The image contains 15 distinct objects with a mean area of 461.13 px, a median area of 265.0 px, and a standard deviation of 603.82 px. The combined object area covers 10.55 percent of the 256 by 256 pixel field. The objects have a mean eccentricity of 0.634 and a mean solidity of 0.919. The mean object intensity is 187.04 on a 0 to 255 scale.","{""description"": ""The image contains 15 distinct objects with a mean area of 461.13 px, a median area of 265.0 px, and a standard deviation of 603.82 px. The combined object area covers 10.55 percent of the 256 by 256 pixel field. The objects have a mean eccentricity of 0.634 and a mean solidity of 0.919. The mean object intensity is 187.04 on a 0 to 255 scale."", ""n_objects"": 15, ""density_class"": ""sparse"", ""shape_regularity"": ""regular"", ""quality_flag"": ""ok""}",17.78,clustered,False
val_006,clean,True,True,8,8,sparse,regular,ok,"The image contains 8 distinct objects with a mean area of 217.88 px, a median area of 188.0 px, and a standard deviation of 113.7 px. The combined object area covers 2.66 percent of the field. The objects have a mean eccentricity of 0.646 and a mean solidity of 0.963. The mean object intensity is 183.46 on a 0 to 255 scale.","{""description"": ""The image contains 8 distinct objects with a mean area of 217.88 px, a median area of 188.0 px, and a standard deviation of 113.7 px. The combined object area covers 2.66 percent of the field. The objects have a mean eccentricity of 0.646 and a mean solidity of 0.963. The mean object intensity is 183.46 on a 0 to 255 scale."", ""n_objects"": 8, ""density_class"": ""sparse"", ""shape_regularity"": ""regular"", ""quality_flag"": ""ok""}",17.22,sparse,True
val_007,clean,True,True,19,19,normal,regular,ok,"The image contains 19 distinct objects in a 256x256 field. The objects cover 7.8% of the field. The mean object area is 269.11 px, with a median of 204.0 px and a standard deviation of 223.39 px. The objects are generally regular in shape, with a mean eccentricity of 0.664 and a mean solidity of 0.937. The objects are relatively uniform in intensity, with a mean intensity of 174.76.","{""description"": ""The image contains 19 distinct objects in a 256x256 field. The objects cover 7.8% of the field. The mean object area is 269.11 px, with a median of 204.0 px and a standard deviation of 223.39 px. The objects are generally regular in shape, with a mean eccentricity of 0.664 and a mean solidity of 0.937. The objects are relatively uniform in intensity, with a mean intensity of 174.76."", ""n_objects"": 19, ""density_class"": ""normal"", ""shape_regularity"": ""regular"", ""quality_flag"": ""ok""",18.49,normal,True
val_008,clean,True,True,21,21,normal,regular,ok,"The image contains 21 distinct objects with a mean area of 247.71 pixels, a median area of 227.0 pixels, and a standard deviation of 140.29 pixels. The combined object area covers 7.94 percent of the 256x256 pixel field. The objects have a mean eccentricity of 0.618 and a mean solidity of 0.954. The mean object intensity is 184.59 on a 0 to 255 scale.","{""description"": ""The image contains 21 distinct objects with a mean area of 247.71 pixels, a median area of 227.0 pixels, and a standard deviation of 140.29 pixels. The combined object area covers 7.94 percent of the 256x256 pixel field. The objects have a mean eccentricity of 0.618 and a mean solidity of 0.954. The mean object intensity is 184.59 on a 0 to 255 scale."", ""n_objects"": 21, ""density_class"": ""normal"", ""shape_regularity"": ""regular"", ""quality_flag"": ""ok""}",18.1,normal,True
val_009,clean,True,True,20,20,sparse,regular,ok,"The image contains 20 distinct objects with a mean area of 152.6 px, a median area of 117.0 px, and a standard deviation of 92.18 px. The combined object area covers 4.66 percent of the 256x256 pixel field. The objects are generally regular in shape, with a mean eccentricity of 0.613 and a mean solidity of 0.974. The objects have a mean intensity of 180.3 on a 0-255 scale.","{""description"": ""The image contains 20 distinct objects with a mean area of 152.6 px, a median area of 117.0 px, and a standard deviation of 92.18 px. The combined object area covers 4.66 percent of the 256x256 pixel field. The objects are generally regular in shape, with a mean eccentricity of 0.613 and a mean solidity of 0.974. The objects have a mean intensity of 180.3 on a 0-255 scale."", ""n_objects"": 20, ""density_class"": ""sparse"", ""shape_regularity"": ""regular"", ""quality_flag"": ""ok""}",18.3,normal,False
val_010,clean,True,True,43,43,normal,regular,ok,"The image contains 43 distinct objects with a mean area of 215.09 px, median 134.0 px, and a standard deviation of 204.67 px. The combined object area covers 14.11 percent of the 256 by 256 pixel field. The objects exhibit a mean eccentricity of 0.635 and a mean solidity of 0.956. The mean object intensity is 176.54 on a 0 to 255 scale.","{""description"": ""The image contains 43 distinct objects with a mean area of 215.09 px, median 134.0 px, and a standard deviation of 204.67 px. The combined object area covers 14.11 percent of the 256 by 256 pixel field. The objects exhibit a mean eccentricity of 0.635 and a mean solidity of 0.956. The mean object intensity is 176.54 on a 0 to 255 scale."", ""n_objects"": 43, ""density_class"": ""normal"", ""shape_regularity"": ""regular"", ""quality_flag"": ""ok""}",17.61,dense,False
val_011,clean,True,True,14,14,sparse,regular,ok,"The image contains 14 distinct objects with a mean area of 300.57 px, a median area of 157.0 px, and a standard deviation of 415.67 px. The combined object area covers 6.42 percent of the 256 by 256 pixel field. The objects have a mean eccentricity of 0.641 and a mean solidity of 0.954. The mean object intensity is 181.32 on a 0 to 255 scale.","{""description"": ""The image contains 14 distinct objects with a mean area of 300.57 px, a median area of 157.0 px, and a standard deviation of 415.67 px. The combined object area covers 6.42 percent of the 256 by 256 pixel field. The objects have a mean eccentricity of 0.641 and a mean solidity of 0.954. The mean object intensity is 181.32 on a 0 to 255 scale."", ""n_objects"": 14, ""density_class"": ""sparse"", ""shape_regularity"": ""regular"", ""quality_flag"": ""ok""}",17.79,clustered,False
val_012,clean,True,True,8,8,sparse,regular,ok,"The image contains 8 distinct objects with a mean area of 161.75 pixels, a median area of 165.0 pixels, and a standard deviation of 46.31 pixels. The combined object area covers 1.97 percent of the 256x256 pixel field. The objects have a mean eccentricity of 0.587 and a mean solidity of 0.971. The mean object intensity is 186.33 on a 0 to 255 scale.","{""description"": ""The image contains 8 distinct objects with a mean area of 161.75 pixels, a median area of 165.0 pixels, and a standard deviation of 46.31 pixels. The combined object area covers 1.97 percent of the 256x256 pixel field. The objects have a mean eccentricity of 0.587 and a mean solidity of 0.971. The mean object intensity is 186.33 on a 0 to 255 scale."", ""n_objects"": 8, ""density_class"": ""sparse"", ""shape_regularity"": ""regular"", ""quality_flag"": ""ok""}",17.6,sparse,True
val_013,clean,True,True,24,24,sparse,regular,ok,"The image contains 24 distinct objects with a mean area of 184.25 px, a median area of 162.5 px, and a standard deviation of 95.68 px. The combined object area covers 6.75 percent of the 256x256 pixel field. The objects have a mean eccentricity of 0.674 and a mean solidity of 0.956. The mean object intensity is 182.02 on a 0 to 255 scale.","{""description"": ""The image contains 24 distinct objects with a mean area of 184.25 px, a median area of 162.5 px, and a standard deviation of 95.68 px. The combined object area covers 6.75 percent of the 256x256 pixel field. The objects have a mean eccentricity of 0.674 and a mean solidity of 0.956. The mean object intensity is 182.02 on a 0 to 255 scale."", ""n_objects"": 24, ""density_class"": ""sparse"", ""shape_regularity"": ""regular"", ""quality_flag"": ""ok""}",17.6,normal,False
val_014,clean,True,True,16,16,sparse,regular,ok,"The image contains 16 distinct objects with a mean area of 264.69 px, a median area of 187.0 px, and a standard deviation of 207.98 px. The combined object area covers 6.46 percent of the field. The objects are generally regular, with a mean eccentricity of 0.689 and a mean solidity of 0.943. The mean object intensity is 183.07 on a 0 to 255 scale.","{""description"": ""The image contains 16 distinct objects with a mean area of 264.69 px, a median area of 187.0 px, and a standard deviation of 207.98 px. The combined object area covers 6.46 percent of the field. The objects are generally regular, with a mean eccentricity of 0.689 and a mean solidity of 0.943. The mean object intensity is 183.07 on a 0 to 255 scale."", ""n_objects"": 16, ""density_class"": ""sparse"", ""shape_regularity"": ""regular"", ""quality_flag"": ""ok""}",17.61,normal,False
val_015,clean,True,True,21,21,sparse,regular,ok,The image contains 21 distinct objects with a combined area covering 7.76% of the field. The objects have a mean eccentricity of 0.655 and a mean solidity of 0.944. The mean object intensity is 174.03.,"{""description"": ""The image contains 21 distinct objects with a combined area covering 7.76% of the field. The objects have a mean eccentricity of 0.655 and a mean solidity of 0.944. The mean object intensity is 174.03."", ""n_objects"": 21, ""density_class"": ""sparse"", ""shape_regularity"": ""regular"", ""quality_flag"": ""ok""}",13.79,normal,False
val_016,clean,True,True,36,36,normal,regular,ok,"The image contains 36 distinct objects with a mean area of 273.33 px, a median area of 205.5 px, and a standard deviation of 252.56 px. The combined object area covers 15.01 percent of the 256x256 pixel field. The objects have a mean eccentricity of 0.671 and a mean solidity of 0.948. The mean object intensity is 189.81 on a 0 to 255 scale.","{""description"": ""The image contains 36 distinct objects with a mean area of 273.33 px, a median area of 205.5 px, and a standard deviation of 252.56 px. The combined object area covers 15.01 percent of the 256x256 pixel field. The objects have a mean eccentricity of 0.671 and a mean solidity of 0.948. The mean object intensity is 189.81 on a 0 to 255 scale."", ""n_objects"": 36, ""density_class"": ""normal"", ""shape_regularity"": ""regular"", ""quality_flag"": ""ok""}",18.09,dense,False
val_017,clean,True,True,19,19,normal,regular,ok,The image contains 19 distinct objects in a 256x256 field. The combined object area covers 9.23% of the field. The objects have a mean eccentricity of 0.609 and a mean solidity of 0.954. The mean object intensity is 191.19.,"{""description"": ""The image contains 19 distinct objects in a 256x256 field. The combined object area covers 9.23% of the field. The objects have a mean eccentricity of 0.609 and a mean solidity of 0.954. The mean object intensity is 191.19."", ""n_objects"": 19, ""density_class"": ""normal"", ""shape_regularity"": ""regular"", ""quality_flag"": ""ok""}",14.51,clustered,False
val_018,clean,True,True,7,7,sparse,regular,ok,The image contains 7 distinct objects with a combined area covering 1.85 percent of the field. The objects have a mean eccentricity of 0.497 and a mean solidity of 0.969. The mean object intensity is 182.37.,"{""description"": ""The image contains 7 distinct objects with a combined area covering 1.85 percent of the field. The objects have a mean eccentricity of 0.497 and a mean solidity of 0.969. The mean object intensity is 182.37."", ""n_objects"": 7, ""density_class"": ""sparse"", ""shape_regularity"": ""regular"", ""quality_flag"": ""ok""}",13.81,sparse,True
val_019,clean,True,True,18,18,sparse,regular,ok,"The image contains 18 distinct objects with a mean area of 183.28 px, a median area of 199.0 px, and a standard deviation of 86.23 px. The combined object area covers 5.03 percent of the 256x256 pixel field. The objects have a mean eccentricity of 0.662 and a mean solidity of 0.96. The mean object intensity is 178.68 on a 0 to 255 scale.","{""description"": ""The image contains 18 distinct objects with a mean area of 183.28 px, a median area of 199.0 px, and a standard deviation of 86.23 px. The combined object area covers 5.03 percent of the 256x256 pixel field. The objects have a mean eccentricity of 0.662 and a mean solidity of 0.96. The mean object intensity is 178.68 on a 0 to 255 scale."", ""n_objects"": 18, ""density_class"": ""sparse"", ""shape_regularity"": ""regular"", ""quality_flag"": ""ok""}",18.29,normal,False
